car_type,car_height,spoiler_size,speed,wing_angle,downforce
Sports_Cars,124,11,207,26.3,115.32
Kei_Cars,130,2,133,5.04,20.52
Pickup_Trucks,185,8,149,13.63,81.16
Kei_Cars,136,1,104,5.6,10.38
Utility,147,6,132,10.43,60.93
Muscle_Cars,136,16,192,11.47,161.94
SUVs,183,9,191,8.33,91.04
Hatchbacks,152,3,169,7.1,30.89
Sports_Cars,130,24,312,19.04,246.91
Pickup_Trucks,188,19,121,14.05,190.86
Supercars,123,25,314,26.29,260.02
Hatchbacks,143,3,129,0.09,30.01
Sports_Cars,127,19,306,19.15,196.91
Compact,159,7,151,8.76,70.89
Supercars,128,28,317,15.17,285.77
Crossovers,160,8,144,3.16,80.3
Utility,158,10,123,2.91,100.22
SUVs,179,12,171,12.41,121.34
Kei_Cars,149,1,124,7.25,10.58
Crossovers,163,13,167,9.03,131.04
Luxury_Sedans,155,9,188,8.31,91.2
Compact,159,8,131,8.26,80.68
Muscle_Cars,140,18,181,20.18,183.0
Supercars,127,27,278,25.65,277.9
Sedans,157,13,190,11.19,131.62
Luxury_Sedans,158,11,167,7.71,110.92
Muscle_Cars,137,17,191,17.68,172.93
Supercars,111,29,333,16.23,297.65
Supercars,125,21,342,28.64,222.13
Pickup_Trucks,172,18,133,4.08,180.32
Utility,140,8,163,4.09,80.53
Kei_Cars,148,4,132,4.07,40.36
Muscle_Cars,143,23,263,13.91,233.59
Luxury_Sedans,144,6,238,9.96,62.21
Kei_Cars,134,1,114,3.51,10.28
Sports_Cars,121,19,222,6.04,191.44
Crossovers,161,13,181,0.51,130.07
Hatchbacks,146,8,150,11.33,81.24
Sports_Cars,139,11,294,23.96,117.36
Crossovers,160,11,152,5.72,110.58
Kei_Cars,130,1,117,3.54,10.3
Muscle_Cars,142,21,299,23.24,217.18
Compact,147,6,123,5.26,60.43
Compact,151,5,158,0.5,50.06
Utility,154,14,166,9.77,141.18
Kei_Cars,146,2,120,7.17,20.56
Utility,157,11,147,10.32,111.02
Luxury_Sedans,147,8,162,3.93,80.48
Sedans,141,8,173,2.31,80.33
Kei_Cars,140,4,117,1.56,40.12
Hatchbacks,144,9,134,0.3,90.03
Sedans,149,9,140,3.53,90.34
Crossovers,169,5,181,4.72,50.59
Supercars,124,29,337,21.03,298.95
Compact,155,3,130,5.39,30.45
Pickup_Trucks,179,16,157,12.98,161.23
Sedans,142,5,199,2.04,50.35
Hatchbacks,155,6,164,1.36,60.16
Luxury_Sedans,151,5,223,1.87,50.36
Muscle_Cars,140,18,235,22.33,184.89
Kei_Cars,140,1,120,5.31,10.43
Crossovers,163,7,145,14.89,71.38
Compact,155,9,179,2.96,90.4
Compact,148,3,146,1.23,30.13
Hatchbacks,151,9,139,6.94,90.66
Compact,158,5,136,3.5,50.31
Supercars,130,26,312,26.89,269.59
Pickup_Trucks,198,12,160,13.92,121.23
Muscle_Cars,141,20,266,13.7,203.64
Crossovers,165,7,185,2.83,70.38
SUVs,173,11,158,19.5,111.92
Pickup_Trucks,172,13,155,13.65,131.32
Pickup_Trucks,187,11,150,5.89,110.5
Pickup_Trucks,176,18,151,12.1,181.1
Sedans,144,6,163,13.11,61.64
Muscle_Cars,141,16,272,15.22,164.18
Hatchbacks,154,6,162,6.62,60.77
Crossovers,173,7,148,4.19,70.38
Crossovers,160,5,183,0.12,50.02
Luxury_Sedans,144,9,152,4.76,90.54
SUVs,174,18,207,5.16,180.77
Hatchbacks,142,8,132,6.94,80.65
Pickup_Trucks,173,7,161,12.29,71.26
Luxury_Sedans,142,5,212,9.64,51.82
Sports_Cars,127,17,311,25.26,179.21
Muscle_Cars,133,17,202,23.32,174.27
Luxury_Sedans,141,10,211,8.47,101.6
Hatchbacks,144,4,139,4.41,40.44
Crossovers,166,10,181,11.56,101.47
Pickup_Trucks,184,10,134,0.59,100.04
Pickup_Trucks,172,5,174,5.88,50.68
SUVs,179,19,168,11.99,191.26
Compact,157,9,125,3.63,90.28
Crossovers,159,9,151,5.74,90.58
Compact,142,6,135,0.39,60.04
Luxury_Sedans,144,9,204,6.97,91.23
Supercars,118,28,338,20.9,289.39
Supercars,130,27,393,29.88,284.93
Muscle_Cars,132,15,224,16.03,153.51
Sedans,146,8,144,7.33,80.76
Kei_Cars,139,2,101,1.56,20.1
Muscle_Cars,143,24,285,19.18,245.53
Utility,142,13,159,0.32,130.04
Compact,142,3,157,1.11,30.13
Kei_Cars,143,1,128,4.4,10.39
Pickup_Trucks,185,17,177,3.41,170.38
Hatchbacks,154,7,146,6.13,70.61
Compact,147,7,155,4.26,70.49
Muscle_Cars,132,18,200,13.94,182.58
Compact,153,5,147,5.88,50.6
Sedans,160,8,182,13.04,81.73
Kei_Cars,140,2,113,7.94,20.59
Luxury_Sedans,147,7,174,5.65,70.77
Utility,147,12,168,1.29,120.17
Pickup_Trucks,191,8,127,10.17,80.66
Sedans,143,7,190,13.13,72.08
Pickup_Trucks,177,10,173,1.82,100.2
Kei_Cars,131,3,103,3.18,30.22
Muscle_Cars,134,19,220,20.21,194.21
Supercars,117,24,267,22.45,247.12
Luxury_Sedans,150,5,230,6.31,51.28
Compact,144,8,147,1.26,80.14
Hatchbacks,146,6,168,10.24,61.33
Hatchbacks,140,8,166,1.0,80.13
Utility,154,10,134,5.63,100.49
Luxury_Sedans,140,8,243,7.2,81.7
Kei_Cars,147,3,101,5.17,30.31
Hatchbacks,140,8,163,4.59,80.59
Utility,152,12,179,9.3,121.27
Crossovers,160,9,165,7.17,90.83
Sedans,159,12,160,1.17,120.13
Hatchbacks,154,9,151,6.09,90.64
Luxury_Sedans,149,10,193,2.87,100.45
Kei_Cars,140,2,120,3.07,20.25
Pickup_Trucks,196,13,158,11.69,131.03
Supercars,116,20,391,26.42,214.83
Supercars,123,25,391,23.63,262.6
Sports_Cars,137,23,224,14.69,233.1
Supercars,121,27,306,26.73,279.95
Crossovers,164,11,165,6.7,110.75
Luxury_Sedans,148,6,171,5.49,60.72
Crossovers,164,14,142,11.81,141.06
Supercars,128,21,284,24.92,217.88
Muscle_Cars,130,22,283,11.77,223.74
Sedans,144,9,140,11.33,91.13
Pickup_Trucks,177,9,161,0.96,90.1
Luxury_Sedans,148,8,223,0.34,80.07
Pickup_Trucks,176,17,174,7.08,170.8
Sedans,146,11,166,3.93,110.5
Hatchbacks,155,3,146,1.33,30.13
SUVs,177,11,147,3.65,110.32
Luxury_Sedans,150,11,182,1.53,110.22
Luxury_Sedans,144,6,178,6.06,60.87
Compact,143,5,149,7.12,50.79
Pickup_Trucks,195,15,141,10.1,150.75
Sedans,150,5,180,2.86,50.4
Pickup_Trucks,200,14,173,13.39,141.32
SUVs,179,18,204,15.54,182.18
Sports_Cars,128,19,233,14.24,193.42
SUVs,179,19,166,9.25,190.96
Pickup_Trucks,193,19,121,12.0,190.72
Kei_Cars,134,1,124,0.61,10.05
Compact,159,3,131,8.42,30.69
Kei_Cars,143,2,116,0.0,20.0
Utility,140,8,125,6.39,80.56
Hatchbacks,148,8,162,1.09,80.13
Muscle_Cars,142,21,272,17.98,214.88
Muscle_Cars,138,18,264,15.47,184.15
Pickup_Trucks,173,12,121,0.55,120.04
Hatchbacks,142,4,130,1.22,40.11
Hatchbacks,151,3,138,5.14,30.48
Sports_Cars,135,19,212,16.63,193.27
Pickup_Trucks,190,7,147,0.6,70.05
Utility,146,9,127,6.73,90.57
Sedans,143,5,196,9.63,51.61
Crossovers,170,7,164,6.34,70.68
Luxury_Sedans,155,8,219,3.93,80.72
Crossovers,155,7,176,1.35,70.18
Hatchbacks,152,6,144,5.06,60.5
Sports_Cars,133,21,214,7.33,211.5
Sports_Cars,123,13,201,18.61,133.7
Hatchbacks,152,5,120,11.55,50.87
Utility,153,9,151,0.42,90.04
Hatchbacks,141,5,127,9.56,50.84
Luxury_Sedans,152,11,167,1.38,110.17
SUVs,164,15,190,9.2,151.28
Kei_Cars,131,3,139,4.61,30.5
Compact,153,7,159,3.47,70.4
Compact,153,9,149,6.62,90.69
Muscle_Cars,132,16,233,16.74,163.88
Utility,145,5,123,6.02,50.49
Luxury_Sedans,153,6,226,6.59,61.27
Crossovers,165,5,163,0.92,50.1
SUVs,167,17,151,3.87,170.37
Hatchbacks,148,8,140,1.83,80.18
Pickup_Trucks,187,14,120,11.27,140.69
Luxury_Sedans,160,6,226,5.84,61.08
Luxury_Sedans,148,9,172,3.91,90.52
Supercars,121,23,375,29.73,244.88
Compact,148,4,145,2.5,40.26
Muscle_Cars,133,19,182,17.24,192.74
Luxury_Sedans,155,11,222,6.87,111.28
Compact,156,4,178,5.28,40.7
Sports_Cars,137,13,333,13.27,135.09
SUVs,183,10,140,0.86,100.07
Pickup_Trucks,194,14,145,4.2,140.33
Pickup_Trucks,194,7,159,4.55,70.41
Sports_Cars,135,23,242,7.77,231.89
Crossovers,158,14,167,11.45,141.36
Kei_Cars,141,2,126,0.46,20.04
Hatchbacks,147,4,147,0.38,40.04
Crossovers,158,9,185,4.07,90.57
Sedans,153,9,164,14.51,91.72
SUVs,185,12,190,8.37,121.03
Compact,160,9,121,9.08,90.66
Kei_Cars,149,2,115,7.92,20.57
Pickup_Trucks,184,8,166,13.21,81.33
Supercars,125,23,394,23.55,242.5
Sports_Cars,137,17,300,18.68,176.07
Compact,152,3,157,5.27,30.59
Kei_Cars,143,3,116,1.53,30.12
Hatchbacks,144,9,126,0.47,90.04
Crossovers,157,12,179,7.88,121.05
Supercars,130,29,291,18.39,296.02
Pickup_Trucks,194,12,132,10.37,120.7
Pickup_Trucks,190,15,130,2.03,150.14
SUVs,178,16,190,15.23,161.93
Kei_Cars,148,4,107,7.61,40.5
Muscle_Cars,145,20,181,11.66,201.7
Utility,156,14,171,5.68,140.71
Supercars,125,29,269,25.77,297.67
Muscle_Cars,141,22,189,16.83,222.67
Pickup_Trucks,178,10,141,6.39,100.52
Supercars,115,26,287,22.33,268.03
Utility,143,10,175,2.51,100.35
Pickup_Trucks,189,13,170,10.81,131.1
SUVs,161,16,208,7.3,161.18
Luxury_Sedans,158,11,214,9.87,111.7
Muscle_Cars,136,24,187,18.57,242.99
Sedans,156,5,172,5.45,50.69
Sedans,148,8,173,5.13,80.69
Crossovers,171,13,156,9.0,130.89
Pickup_Trucks,178,13,168,5.43,130.58
Compact,148,8,147,3.24,80.34
Utility,159,5,133,10.3,50.86
Sedans,155,7,169,8.08,71.0
Sports_Cars,135,24,252,28.61,247.09
Kei_Cars,145,1,116,3.8,10.29
Luxury_Sedans,150,10,221,0.4,100.08
Sedans,160,9,177,10.52,91.34
Supercars,113,20,289,25.59,209.39
Utility,153,11,162,11.84,111.38
Sedans,145,5,169,11.49,51.51
Kei_Cars,136,1,119,4.86,10.4
Sedans,147,13,175,4.39,130.6
Kei_Cars,132,4,107,1.9,40.14
Pickup_Trucks,172,10,178,6.31,100.76
Compact,157,3,130,5.17,30.43
SUVs,183,18,167,6.56,180.67
Utility,141,7,150,3.23,70.37
Luxury_Sedans,160,6,217,4.64,60.81
SUVs,179,5,205,14.5,52.05
Hatchbacks,155,7,167,10.08,71.22
Utility,147,9,127,3.44,90.29
Supercars,123,26,279,27.74,268.82
Luxury_Sedans,152,7,224,4.17,70.8
Luxury_Sedans,154,9,167,1.93,90.24
Hatchbacks,141,3,163,5.2,30.67
Hatchbacks,154,6,141,8.59,60.81
Supercars,114,28,293,22.21,288.31
Crossovers,157,6,180,3.69,60.49
Pickup_Trucks,200,14,123,0.36,140.02
Compact,141,8,174,8.91,81.26
Crossovers,174,5,156,2.77,50.27
Hatchbacks,141,5,157,10.78,51.3
Sedans,142,10,156,7.31,100.87
SUVs,171,5,161,11.31,51.17
Sedans,155,13,182,3.68,130.51
SUVs,174,14,205,16.32,142.37
Muscle_Cars,137,24,243,10.41,242.5
Hatchbacks,154,7,156,8.72,70.96
Pickup_Trucks,192,12,121,1.54,120.09
Sports_Cars,131,23,313,13.21,234.83
Muscle_Cars,136,20,228,20.87,204.51
Crossovers,175,5,162,0.52,50.05
SUVs,171,7,142,5.9,70.51
Compact,156,6,148,1.91,60.19
Kei_Cars,132,1,108,1.41,10.1
Supercars,129,22,386,27.38,233.52
Kei_Cars,148,2,138,5.23,20.5
Compact,140,9,173,3.44,90.49
Pickup_Trucks,187,14,164,14.53,141.41
Hatchbacks,149,6,131,7.62,60.67
Sedans,160,12,158,2.07,120.22
Crossovers,165,7,137,11.38,70.96
Pickup_Trucks,193,19,177,8.32,190.88
Sports_Cars,140,23,347,11.52,234.61
Muscle_Cars,137,16,299,24.82,167.92
Compact,144,4,127,8.39,40.73
Hatchbacks,140,4,165,1.06,40.14
Hatchbacks,144,8,157,3.0,80.36
Hatchbacks,148,7,126,4.31,70.36
Utility,142,14,178,3.53,140.51
Supercars,120,21,378,29.78,225.21
Pickup_Trucks,172,12,121,14.36,120.96
Sports_Cars,136,21,234,29.26,216.43
Muscle_Cars,131,24,244,12.08,243.04
SUVs,174,15,198,8.89,151.24
Supercars,130,28,340,23.52,289.62
Sports_Cars,134,12,252,19.13,124.89
Luxury_Sedans,143,11,167,8.71,111.14
Utility,145,7,174,1.26,70.17
Utility,152,9,127,10.72,90.88
Kei_Cars,150,3,112,7.88,30.54
Kei_Cars,136,2,133,0.87,20.09
Hatchbacks,151,6,160,5.95,60.69
Sports_Cars,121,19,213,6.1,191.37
Crossovers,166,14,162,4.31,140.47
Hatchbacks,154,7,162,9.04,71.05
Utility,141,11,159,6.09,110.75
Compact,151,3,155,2.85,30.32
Hatchbacks,151,5,123,5.95,50.47
Crossovers,174,6,139,8.04,60.66
Hatchbacks,150,7,167,9.78,71.22
Compact,156,3,129,0.92,30.08
Sports_Cars,137,12,346,7.17,122.93
Utility,158,6,179,4.14,60.55
Compact,153,4,170,3.46,40.44
Sedans,141,9,172,10.76,91.49
Hatchbacks,151,7,146,10.87,71.1
Supercars,115,21,364,26.65,223.54
Crossovers,172,12,182,11.34,121.4
Muscle_Cars,144,22,272,11.84,223.2
Crossovers,171,9,173,3.3,90.38
Supercars,128,28,303,24.77,288.63
Hatchbacks,155,7,122,2.89,70.22
Sports_Cars,133,24,262,18.3,245.01
SUVs,183,14,168,4.33,140.45
Supercars,123,27,368,25.01,282.13
Supercars,118,21,266,16.09,215.09
Crossovers,166,6,135,12.53,61.02
Supercars,129,25,290,15.98,255.27
Muscle_Cars,132,22,193,17.0,222.97
Kei_Cars,132,1,117,6.75,10.56
Luxury_Sedans,147,8,205,7.71,81.34
Crossovers,165,12,150,3.71,120.36
Sedans,156,5,157,8.15,50.89
Luxury_Sedans,146,8,189,7.05,81.09
Utility,147,10,167,7.35,100.94
Compact,153,9,146,1.47,90.15
Muscle_Cars,139,17,182,12.64,171.93
Sports_Cars,126,11,273,15.14,114.67
Sports_Cars,123,14,214,15.22,143.34
Kei_Cars,134,3,126,0.9,30.08
Hatchbacks,143,5,124,9.22,50.77
Kei_Cars,131,1,120,0.86,10.08
Hatchbacks,141,7,168,5.9,70.79
Supercars,110,28,359,22.73,291.95
Muscle_Cars,130,20,261,10.59,202.98
Crossovers,155,8,150,6.6,80.68
Compact,141,6,150,4.41,60.5
Compact,159,6,148,4.95,60.49
Sports_Cars,129,21,329,22.61,218.89
Kei_Cars,145,3,106,7.4,30.48
Luxury_Sedans,143,7,203,9.1,71.6
Supercars,128,23,324,20.65,238.03
Hatchbacks,148,9,143,10.37,91.04
Muscle_Cars,132,20,283,23.31,207.14
SUVs,164,18,200,19.42,182.87
Hatchbacks,152,6,153,1.21,60.13
Muscle_Cars,141,18,250,16.55,183.99
Crossovers,158,5,152,2.41,50.25
Crossovers,174,10,173,5.39,100.61
Hatchbacks,151,5,131,3.49,50.3
Pickup_Trucks,178,9,133,6.28,90.47
Utility,141,13,169,10.11,131.37
Sports_Cars,127,24,285,25.46,248.14
Hatchbacks,153,9,122,9.84,90.75
Luxury_Sedans,148,11,156,1.71,110.2
Utility,149,11,125,3.64,110.3
Crossovers,164,10,134,13.62,101.11
Kei_Cars,140,1,116,4.16,10.32
Pickup_Trucks,196,9,175,8.73,90.9
Pickup_Trucks,176,8,134,8.47,80.65
Crossovers,169,14,140,9.58,140.82
Muscle_Cars,145,18,254,22.75,185.4
Luxury_Sedans,157,11,246,6.75,111.44
Muscle_Cars,138,15,252,10.56,152.66
Kei_Cars,145,1,110,0.01,10.0
Crossovers,162,7,139,5.89,70.52
Pickup_Trucks,186,13,140,15.0,131.15
Sedans,160,10,198,15.0,102.25
Luxury_Sedans,160,7,158,0.99,70.11
Kei_Cars,141,2,102,7.09,20.45
Crossovers,160,10,180,7.21,100.95
Compact,158,5,151,0.5,50.05
Crossovers,168,12,173,11.17,121.31
Luxury_Sedans,145,11,244,9.68,112.21
Utility,142,13,170,8.01,131.09
Supercars,126,20,278,29.4,209.03
Kei_Cars,146,1,101,4.43,10.27
Compact,159,9,167,5.69,90.67
Utility,146,9,160,6.7,90.81
Hatchbacks,152,6,129,1.3,60.11
Sports_Cars,132,10,302,20.26,106.88
Crossovers,157,6,144,10.92,61.04
Muscle_Cars,133,20,254,16.69,204.37
Hatchbacks,140,7,166,11.15,71.48
Sports_Cars,126,18,330,12.4,185.11
Kei_Cars,142,4,117,0.41,40.03
Supercars,119,26,322,21.19,268.78
Kei_Cars,140,4,128,2.64,40.24
Utility,141,9,171,7.22,91.0
Utility,152,14,136,4.84,140.44
Kei_Cars,143,2,116,4.75,20.36
Hatchbacks,146,9,131,2.41,90.22
Crossovers,170,14,139,5.14,140.43
Compact,153,6,177,2.6,60.35
Sedans,147,10,169,4.27,100.56
Supercars,127,27,256,17.36,274.81
Sedans,158,6,186,4.92,60.69
Muscle_Cars,145,20,208,23.47,204.12
SUVs,182,10,201,15.8,102.13
Crossovers,170,6,177,8.06,60.97
Pickup_Trucks,192,10,120,4.46,100.27
SUVs,167,5,182,6.8,50.87
Sports_Cars,128,22,234,20.74,224.95
Sedans,160,11,145,12.38,111.17
Compact,153,6,171,3.94,60.5
SUVs,162,17,190,1.13,170.16
Utility,155,14,145,3.48,140.34
Kei_Cars,135,4,101,4.87,40.32
Luxury_Sedans,158,9,168,6.18,90.74
Sedans,150,8,164,6.7,80.82
Hatchbacks,148,6,155,2.69,60.31
SUVs,172,8,173,10.1,81.16
Muscle_Cars,145,22,294,20.06,225.96
Pickup_Trucks,178,12,156,11.48,121.09
Pickup_Trucks,197,12,133,0.32,120.02
Pickup_Trucks,179,17,126,11.1,170.76
SUVs,174,5,177,18.66,52.17
Muscle_Cars,134,23,232,20.45,234.61
Crossovers,175,13,185,6.68,130.84
Compact,159,5,172,2.72,50.34
Compact,140,5,172,5.59,50.78
Utility,160,9,167,6.78,90.8
Pickup_Trucks,197,16,150,6.15,160.5
SUVs,166,16,171,7.17,160.84
Hatchbacks,149,5,147,2.75,50.29
SUVs,179,7,180,2.51,70.3
SUVs,179,7,162,3.96,70.4
Sports_Cars,134,14,246,11.35,142.83
Crossovers,174,6,156,14.0,61.35
Compact,152,4,160,7.26,40.84
Sports_Cars,137,10,336,13.83,105.37
Luxury_Sedans,156,8,227,5.42,81.04
Kei_Cars,148,4,118,7.94,40.6
SUVs,160,6,169,8.32,60.99
Kei_Cars,134,4,132,7.69,40.76
Supercars,111,25,370,23.1,262.58
Crossovers,157,9,152,11.61,91.2
Utility,145,6,173,1.43,60.2
Sedans,159,14,153,13.57,141.4
Hatchbacks,141,7,133,6.36,70.6
Pickup_Trucks,171,9,135,10.19,90.81
Supercars,125,22,310,20.69,227.71
Compact,160,4,164,5.23,40.6
Sedans,141,14,151,6.68,140.77
Compact,156,8,163,1.31,80.15
Supercars,120,22,327,28.4,231.72
Crossovers,166,5,158,14.56,51.5
Sports_Cars,126,18,202,10.09,182.0
Pickup_Trucks,189,14,137,11.86,140.87
SUVs,182,16,185,16.28,161.94
Sedans,156,11,145,5.83,110.57
Sedans,159,13,172,2.19,130.27
Pickup_Trucks,181,8,161,0.84,80.08
Sedans,160,5,156,10.76,51.14
Sports_Cars,127,17,344,22.73,179.71
Kei_Cars,137,1,121,7.93,10.67
Luxury_Sedans,157,6,231,8.47,61.65
Pickup_Trucks,183,12,145,5.52,120.46
Luxury_Sedans,159,8,160,0.91,80.1
Utility,154,8,168,5.28,80.65
Luxury_Sedans,144,10,243,4.02,100.92
SUVs,165,5,174,9.25,51.12
Supercars,123,25,312,18.22,257.0
SUVs,169,15,200,8.58,151.25
SUVs,166,15,144,3.91,150.35
Sports_Cars,125,17,203,26.9,175.23
Sedans,151,14,167,7.49,140.93
Pickup_Trucks,171,13,166,10.07,131.09
Utility,157,14,172,7.73,140.97
Utility,141,13,170,9.74,131.33
Supercars,114,20,389,24.92,214.18
Luxury_Sedans,140,7,186,9.17,71.44
Pickup_Trucks,197,5,163,4.57,50.42
Supercars,122,23,254,28.71,237.97
Crossovers,161,6,188,6.73,60.94
Kei_Cars,142,2,114,2.0,20.15
Kei_Cars,131,1,106,1.73,10.13
Kei_Cars,140,1,106,1.87,10.13
SUVs,173,14,163,9.73,141.02
Utility,149,9,128,4.01,90.34
Hatchbacks,141,4,169,7.55,41.02
Sports_Cars,128,19,340,9.35,193.98
Hatchbacks,140,6,167,5.1,60.69
SUVs,178,8,164,9.21,80.94
Utility,147,12,153,8.92,121.0
Utility,140,7,160,0.02,70.0
Utility,157,12,179,10.63,121.41
Sports_Cars,133,22,305,19.05,226.54
Crossovers,169,12,159,10.94,121.13
Luxury_Sedans,152,11,160,1.12,110.13
Luxury_Sedans,157,8,164,0.7,80.08
Kei_Cars,130,2,107,3.8,20.28
Supercars,117,28,348,24.7,291.59
Utility,160,11,176,11.19,111.42
Luxury_Sedans,140,11,179,4.7,110.7
Utility,143,11,144,0.33,110.03
SUVs,179,12,202,3.81,120.53
Pickup_Trucks,174,6,154,10.71,61.02
SUVs,179,12,142,6.39,120.53
SUVs,173,10,174,7.59,100.88
Hatchbacks,155,3,146,7.29,30.72
Hatchbacks,148,4,169,2.65,40.34
Hatchbacks,141,5,142,5.7,50.6
Crossovers,164,11,170,11.04,111.29
Sports_Cars,124,23,281,8.52,232.81
Sedans,144,8,164,7.65,80.97
Crossovers,167,10,131,14.47,101.12
Sports_Cars,126,19,233,7.8,191.92
Sedans,151,6,184,3.33,60.48
SUVs,178,14,195,16.13,142.13
Pickup_Trucks,185,12,140,5.43,120.42
Pickup_Trucks,179,16,174,2.88,160.32
Utility,140,7,125,2.35,70.2
Compact,148,6,157,0.03,60.0
Hatchbacks,150,8,132,0.65,80.06
Crossovers,169,10,175,1.53,100.18
Supercars,117,24,378,20.36,250.93
Sports_Cars,137,15,201,20.47,153.64
Compact,157,6,137,8.07,60.72
Muscle_Cars,145,20,241,16.93,203.76
Pickup_Trucks,193,8,138,12.05,80.88
Luxury_Sedans,160,8,165,9.8,81.13
Hatchbacks,148,6,151,7.3,60.8
Kei_Cars,136,3,120,3.84,30.32
Kei_Cars,141,1,132,4.44,10.42
Crossovers,164,7,137,5.58,70.48
SUVs,179,13,141,13.64,131.1
Sports_Cars,135,11,216,14.95,113.03
Supercars,130,23,291,26.54,238.53
Pickup_Trucks,185,10,176,4.64,100.51
Luxury_Sedans,147,10,193,5.13,100.82
Luxury_Sedans,146,7,228,9.47,71.94
Muscle_Cars,144,18,272,12.71,183.43
Hatchbacks,141,4,161,6.24,40.79
Muscle_Cars,134,21,263,15.15,214.16
Utility,150,9,146,10.52,91.07
Sedans,143,9,144,9.63,91.01
Sports_Cars,127,19,303,22.92,198.09
Pickup_Trucks,197,12,126,3.22,120.2
Supercars,110,25,324,25.29,261.32
Compact,149,3,163,1.49,30.18
Luxury_Sedans,142,7,194,5.42,70.9
Sedans,147,5,147,0.09,50.01
Luxury_Sedans,145,7,244,8.35,71.91
Supercars,128,24,367,21.32,249.99
Utility,141,12,134,5.98,120.57
Pickup_Trucks,173,14,144,10.68,140.93
Muscle_Cars,137,20,251,11.98,203.01
Hatchbacks,151,9,159,3.06,90.35
Utility,148,7,163,3.63,70.45
Muscle_Cars,137,16,239,21.37,164.91
Pickup_Trucks,200,15,173,7.99,150.79
Luxury_Sedans,159,8,170,0.53,80.06
Muscle_Cars,131,20,264,15.22,204.3
Hatchbacks,155,5,136,0.25,50.02
Utility,160,6,178,8.59,61.11
Hatchbacks,141,9,143,2.77,90.29
Supercars,111,25,327,23.55,260.64
Supercars,118,22,259,15.04,224.58
Sedans,142,14,198,13.13,142.23
Crossovers,172,5,133,10.2,50.79
Sedans,140,11,170,3.67,110.51
Pickup_Trucks,187,5,163,9.97,50.96
Sedans,160,6,144,12.62,61.18
Utility,151,14,138,6.33,140.59
Luxury_Sedans,149,9,181,4.12,90.59
Kei_Cars,136,1,103,5.51,10.37
Kei_Cars,143,3,116,3.98,30.3
Crossovers,171,5,132,0.1,50.01
Supercars,120,23,328,27.31,241.36
Compact,152,7,144,4.81,70.48
Supercars,129,25,274,19.72,255.93
Supercars,119,22,280,24.67,228.22
Supercars,115,28,312,28.9,291.58
Compact,142,9,170,7.99,91.08
Crossovers,159,12,152,13.21,121.35
Sports_Cars,134,23,303,21.2,237.12
Kei_Cars,146,3,117,7.25,30.55
Compact,146,9,121,9.19,90.73
Pickup_Trucks,180,8,146,1.81,80.15
Luxury_Sedans,154,7,152,1.08,70.11
Sedans,160,5,164,1.76,50.2
Supercars,130,26,326,16.85,266.56
Utility,160,9,140,6.64,90.6
Crossovers,155,13,131,9.33,130.78
Hatchbacks,153,4,157,5.44,40.61
Sports_Cars,120,18,257,6.38,181.91
Sports_Cars,128,15,268,22.17,156.47
Kei_Cars,141,2,117,6.56,20.51
Crossovers,163,9,146,13.44,91.26
Compact,142,3,168,7.08,30.95
SUVs,179,7,184,7.43,70.9
Kei_Cars,139,2,119,2.21,20.18
Sports_Cars,140,18,215,20.77,183.99
Muscle_Cars,130,18,255,19.51,185.23
Luxury_Sedans,144,6,155,9.26,61.08
Compact,159,6,139,6.14,60.55
Sports_Cars,123,24,292,28.19,249.58
Luxury_Sedans,155,6,229,8.09,61.57
Compact,156,8,160,6.62,80.75
Pickup_Trucks,188,11,160,2.62,110.25
Kei_Cars,145,3,137,2.72,30.26
Luxury_Sedans,155,9,200,7.69,91.22
Crossovers,155,11,172,0.69,110.09
Pickup_Trucks,185,17,141,2.74,170.22
Kei_Cars,140,3,119,7.27,30.59
Pickup_Trucks,199,11,158,13.25,111.14
Muscle_Cars,144,21,265,17.96,214.62
Sedans,145,6,154,9.93,61.14
Supercars,117,24,261,25.3,247.7
Pickup_Trucks,197,11,160,5.21,110.47
Pickup_Trucks,174,16,156,6.98,160.68
Compact,153,6,136,0.16,60.01
Compact,149,8,158,4.01,80.47
Kei_Cars,136,1,138,5.24,10.54
Supercars,114,20,388,26.78,215.1
Compact,154,5,144,7.99,50.78
Supercars,122,24,280,21.69,247.1
Compact,147,9,179,5.16,90.73
Pickup_Trucks,171,9,132,14.12,91.08
Hatchbacks,141,6,141,4.82,60.5
Sedans,143,12,169,11.95,121.59
Compact,145,3,163,1.28,30.16
Utility,147,13,155,2.09,130.24
Crossovers,163,10,150,11.64,101.14
Kei_Cars,146,1,139,2.83,10.28
Pickup_Trucks,195,15,140,2.06,150.15
Luxury_Sedans,146,9,156,1.08,90.13
Supercars,130,23,319,18.85,237.08
Supercars,115,28,296,29.37,290.86
Muscle_Cars,136,21,241,20.54,214.83
Muscle_Cars,133,24,284,11.58,243.61
Sedans,158,9,170,4.95,90.61
Compact,149,8,174,3.24,80.44
Sports_Cars,121,18,256,25.47,187.28
Luxury_Sedans,154,8,158,2.1,80.24
Supercars,126,24,321,25.3,249.75
Pickup_Trucks,183,5,162,12.42,51.21
Muscle_Cars,141,15,199,24.43,154.12
Compact,149,4,160,3.26,40.39
Muscle_Cars,136,23,273,20.6,235.83
Sports_Cars,140,11,269,5.31,111.46
Sedans,160,8,193,5.52,80.81
Luxury_Sedans,156,9,239,5.62,91.16
Crossovers,160,7,169,7.84,70.94
Luxury_Sedans,153,10,169,1.76,100.22
Supercars,128,29,333,29.76,301.78
Supercars,117,25,257,25.1,257.47
Luxury_Sedans,152,8,211,3.06,80.54
Luxury_Sedans,146,10,217,8.47,101.61
Kei_Cars,141,3,111,0.39,30.03
Sports_Cars,136,21,334,11.41,214.44
Kei_Cars,133,1,130,2.05,10.2
Crossovers,157,11,138,11.72,111.05
Utility,141,13,177,10.26,131.49
Kei_Cars,142,1,123,6.68,10.56
Luxury_Sedans,154,6,196,1.96,60.3
Hatchbacks,142,5,168,5.77,50.77
Sedans,160,8,144,7.69,80.72
Sedans,155,6,149,13.99,61.42
Muscle_Cars,143,23,251,21.21,235.03
Kei_Cars,132,2,139,0.18,20.02
SUVs,168,17,193,17.91,172.45
Muscle_Cars,133,23,279,16.72,235.04
Compact,152,8,172,4.62,80.6
Sedans,149,12,151,6.25,120.68
Sports_Cars,139,16,244,14.03,163.32
Hatchbacks,146,8,135,4.55,80.43
Kei_Cars,140,1,133,0.37,10.04
Hatchbacks,151,3,123,7.72,30.61
Luxury_Sedans,153,5,242,8.06,51.72
Pickup_Trucks,173,5,127,12.4,50.89
Sports_Cars,138,18,234,19.34,184.3
Utility,159,11,170,6.8,110.83
Sports_Cars,120,19,294,9.67,193.53
SUVs,167,10,167,4.58,100.52
Kei_Cars,146,3,119,0.84,30.07
SUVs,161,14,148,13.94,141.35
SUVs,166,19,190,8.56,191.17
SUVs,184,8,181,7.48,80.86
Kei_Cars,150,1,110,6.6,10.44
SUVs,173,5,152,7.13,50.67
Supercars,130,27,300,26.3,278.85
Kei_Cars,136,2,129,0.42,20.04
Compact,145,5,177,8.01,51.13
Hatchbacks,150,9,140,0.22,90.02
Sedans,145,10,197,6.01,101.0
Compact,146,4,172,6.05,40.81
Utility,145,11,162,0.67,110.08
Sedans,153,8,172,4.61,80.59
Utility,145,5,153,6.03,50.69
Sedans,152,6,145,5.68,60.57
SUVs,176,17,199,9.93,171.38
Sports_Cars,132,15,258,29.24,157.67
Compact,158,8,138,2.54,80.23
Pickup_Trucks,178,19,150,0.35,190.03
Pickup_Trucks,197,13,175,3.8,130.39
Utility,159,10,165,1.2,100.14
Sports_Cars,134,12,282,6.12,121.88
SUVs,163,9,164,9.73,91.09
Sports_Cars,137,17,238,20.4,174.67
Sports_Cars,133,14,293,12.28,144.01
Sports_Cars,128,15,225,26.5,155.88
Sedans,152,6,195,10.55,61.64
Utility,155,8,133,11.32,80.97
Sports_Cars,132,19,252,8.0,192.11
Supercars,111,28,286,23.41,288.66
Luxury_Sedans,142,10,183,3.75,100.57
Kei_Cars,135,4,123,0.36,40.03
Compact,156,9,174,4.64,90.6
Crossovers,173,11,168,2.28,110.25
Muscle_Cars,133,16,279,20.63,166.17
Compact,158,6,151,6.43,60.66
Sports_Cars,127,13,222,10.76,132.43
Supercars,129,25,371,16.61,257.92
Sports_Cars,123,15,241,8.6,152.27
Compact,156,9,133,4.02,90.34
Compact,156,8,136,1.93,80.17
Utility,160,13,154,6.56,130.68
Luxury_Sedans,150,6,239,0.34,60.07
Sports_Cars,131,16,237,12.7,163.06
SUVs,167,17,209,9.41,171.48
Crossovers,156,12,157,5.15,120.57
Compact,140,8,121,7.47,80.62
Sedans,142,6,162,7.45,60.94
Hatchbacks,144,6,165,3.16,60.41
Muscle_Cars,142,15,268,10.99,152.95
Utility,153,6,169,6.18,60.77
Pickup_Trucks,180,6,135,13.73,61.03
Pickup_Trucks,179,17,145,5.5,170.47
Sports_Cars,140,17,248,8.41,172.04
SUVs,162,5,148,6.05,50.59
Sedans,140,9,154,7.85,90.93
Luxury_Sedans,152,6,223,6.05,61.15
SUVs,177,17,169,8.28,170.89
Supercars,122,23,395,20.14,241.08
Utility,154,10,143,8.63,100.83
Compact,140,6,127,7.82,60.7
Sedans,143,9,181,3.61,90.54
Sedans,151,13,191,10.51,131.59
Crossovers,155,14,150,12.87,141.32
Kei_Cars,144,1,101,4.69,10.29
Compact,151,8,122,7.54,80.59
Hatchbacks,143,3,125,3.34,30.28
SUVs,173,10,180,16.26,101.95
Pickup_Trucks,186,12,139,3.83,120.29
Kei_Cars,133,4,100,6.84,40.45
Kei_Cars,136,3,121,2.19,30.19
Compact,155,5,152,5.0,50.53
Sedans,140,9,178,12.58,91.85
Muscle_Cars,140,20,250,17.44,204.23
Hatchbacks,142,7,149,3.77,70.42
Sports_Cars,138,23,230,16.21,233.53
Hatchbacks,143,5,139,3.85,50.38
SUVs,173,12,158,15.89,121.57
Hatchbacks,151,4,130,6.15,40.53
Sedans,140,9,152,3.91,90.46
Supercars,122,28,286,22.25,287.51
Kei_Cars,136,2,119,3.41,20.28
Kei_Cars,143,2,115,7.83,20.59
Compact,153,7,156,2.25,70.25
Kei_Cars,130,1,135,1.56,10.16
Luxury_Sedans,142,10,246,7.5,101.77
Hatchbacks,151,4,148,11.43,41.18
Kei_Cars,135,4,114,3.9,40.31
Supercars,110,28,253,26.75,288.23
Utility,144,14,141,9.1,140.92
Hatchbacks,147,6,167,5.85,60.75
Luxury_Sedans,159,10,161,4.16,100.47
Compact,155,4,128,9.29,40.75
Pickup_Trucks,175,12,167,14.39,121.53
Luxury_Sedans,142,9,231,5.85,91.26
Pickup_Trucks,199,12,166,8.16,120.76
Kei_Cars,133,4,108,3.26,40.24
Crossovers,164,5,163,0.42,50.05
Utility,157,6,127,1.96,60.16
Supercars,125,28,333,24.51,290.08
Luxury_Sedans,142,9,166,5.74,90.75
Hatchbacks,152,6,157,7.95,60.9
Sedans,146,6,176,8.73,61.21
Kei_Cars,144,2,123,1.44,20.12
Crossovers,164,6,164,3.62,60.4
Sports_Cars,130,17,334,12.38,175.03
Compact,158,6,151,7.6,60.78
Crossovers,159,9,131,1.06,90.09
Supercars,128,25,390,29.47,264.8
SUVs,175,10,157,14.28,101.39
Sports_Cars,128,18,229,12.94,183.03
Luxury_Sedans,142,6,218,0.82,60.16
Crossovers,164,10,172,9.32,101.11
Compact,160,8,145,7.16,80.68
Pickup_Trucks,181,7,130,5.5,70.39
SUVs,180,16,193,11.52,161.49
Supercars,128,20,347,27.37,211.61
Compact,144,9,129,9.91,90.88
Muscle_Cars,136,24,291,23.1,247.16
Crossovers,158,11,187,7.53,111.06
Kei_Cars,138,3,113,3.03,30.23
Sports_Cars,140,23,219,21.08,234.16
Crossovers,165,12,132,1.23,120.1
Compact,157,4,162,8.38,40.96
Crossovers,171,9,187,10.64,91.38
Utility,146,7,172,4.91,70.66
Luxury_Sedans,157,8,193,4.71,80.7
Sports_Cars,129,14,334,24.71,149.89
Luxury_Sedans,152,11,170,2.14,110.27
Hatchbacks,148,3,137,2.18,30.21
Sports_Cars,136,15,323,28.4,160.15
Sports_Cars,121,20,341,19.24,208.57
Luxury_Sedans,153,11,203,1.0,110.16
Hatchbacks,152,8,133,2.01,80.18
Crossovers,160,11,144,4.54,110.43
Supercars,124,23,396,24.42,243.14
Compact,155,3,139,7.56,30.7
Pickup_Trucks,196,8,158,4.14,80.37
Hatchbacks,155,8,157,3.14,80.35
Sports_Cars,139,24,293,8.69,242.73
Luxury_Sedans,142,6,154,7.94,60.93
Sedans,152,12,180,5.63,120.78
Muscle_Cars,132,17,285,11.43,173.61
Hatchbacks,145,6,128,4.11,60.36
Compact,147,5,140,4.36,50.43
Supercars,122,23,316,19.34,237.62
SUVs,180,9,182,0.45,90.05
Kei_Cars,137,2,104,1.17,20.08
Compact,140,9,129,4.15,90.38
Hatchbacks,146,9,169,9.97,91.3
Supercars,120,26,336,17.12,267.55
Supercars,128,28,279,25.82,287.93
Luxury_Sedans,145,11,220,6.13,111.2
Supercars,114,21,385,18.25,220.38
Crossovers,169,10,140,2.44,100.21
Hatchbacks,147,7,156,10.86,71.25
Pickup_Trucks,186,6,129,4.99,60.34
Supercars,112,21,331,18.59,218.57
Sports_Cars,123,10,321,28.77,111.25
Sedans,143,7,185,9.7,71.48
Hatchbacks,151,7,128,9.53,70.79
Sedans,157,9,198,12.72,91.95
Hatchbacks,147,5,157,5.88,50.69
Kei_Cars,136,4,102,0.84,40.06
Compact,142,4,134,3.98,40.38
Sedans,146,11,147,1.85,110.2
Utility,153,10,124,11.43,100.89
Utility,157,13,161,2.03,130.23
Utility,156,8,150,8.65,80.89
Luxury_Sedans,145,9,206,5.37,90.95
Kei_Cars,145,4,136,7.3,40.69
Pickup_Trucks,196,12,145,8.1,120.63
Sports_Cars,127,10,242,10.86,102.79
Pickup_Trucks,196,9,135,0.27,90.02
Sports_Cars,140,12,245,17.52,124.12
Sports_Cars,134,17,266,23.67,176.5
Hatchbacks,142,7,126,7.1,70.62
Luxury_Sedans,158,7,244,8.06,71.69
Pickup_Trucks,185,9,139,13.29,91.02
Utility,155,10,162,8.3,100.96
SUVs,171,12,154,5.36,120.52
Sports_Cars,133,18,346,9.27,183.9
SUVs,179,17,201,9.87,171.36
Sedans,152,11,167,4.79,110.59
Kei_Cars,141,4,137,0.69,40.07
Kei_Cars,144,1,134,4.08,10.38
Crossovers,158,5,132,0.29,50.02
SUVs,170,16,189,19.26,162.52
Crossovers,155,5,179,1.78,50.24
Crossovers,166,8,144,6.66,80.6
SUVs,169,9,152,4.26,90.41
Hatchbacks,146,8,132,8.54,80.77
Utility,160,13,157,3.68,130.39
Utility,148,5,148,7.52,50.8
Sports_Cars,121,24,248,17.13,244.75
Kei_Cars,132,2,117,6.49,20.54
Muscle_Cars,134,17,298,18.03,175.94
Hatchbacks,151,6,120,3.53,60.27
Supercars,114,26,335,18.31,268.45
Sports_Cars,137,23,280,26.48,237.62
Hatchbacks,143,8,147,6.87,80.75
Sports_Cars,120,24,313,29.33,251.3
Pickup_Trucks,184,14,170,9.93,141.04
Pickup_Trucks,178,5,162,3.42,50.35
Muscle_Cars,142,24,276,16.98,244.72
Muscle_Cars,145,16,241,10.84,162.43
Luxury_Sedans,142,6,247,0.43,60.1
SUVs,178,8,190,4.66,80.6
Sports_Cars,134,13,264,29.16,137.8
Utility,159,11,173,5.21,110.65
Supercars,111,25,252,28.94,258.72
Crossovers,173,8,147,2.57,80.23
Pickup_Trucks,200,15,152,13.17,151.07
Hatchbacks,140,5,148,5.25,50.59
Kei_Cars,149,2,118,6.86,20.51
Sedans,147,9,178,6.81,90.96
Pickup_Trucks,191,16,138,4.36,160.32
Utility,144,11,177,11.31,111.6
Kei_Cars,147,4,132,0.23,40.02
SUVs,171,8,143,17.0,81.46
Luxury_Sedans,159,7,204,7.44,71.19
Luxury_Sedans,151,11,181,3.19,110.45
Luxury_Sedans,158,9,150,7.4,90.75
Kei_Cars,146,2,137,3.65,20.35
Compact,158,9,134,5.45,90.47
Crossovers,174,12,142,4.69,120.4
SUVs,165,8,160,0.58,80.06
Supercars,114,22,345,28.71,233.5
Muscle_Cars,140,22,248,20.49,224.88
Compact,144,8,155,5.77,80.67
Crossovers,162,5,139,5.71,50.5
Crossovers,166,6,145,10.56,60.96
Hatchbacks,151,9,155,3.74,90.42
Pickup_Trucks,189,7,127,11.13,70.73
Utility,145,13,131,1.48,130.13
Muscle_Cars,145,23,191,16.88,232.64
SUVs,175,13,203,1.69,130.24
Sedans,160,10,141,10.63,100.97
Luxury_Sedans,150,11,179,8.31,111.15
Luxury_Sedans,152,8,223,1.14,80.22
Hatchbacks,140,4,131,7.34,40.68
Muscle_Cars,140,17,249,14.56,173.53
Crossovers,175,11,136,4.63,110.37
Hatchbacks,150,7,169,7.2,70.92
Compact,160,6,178,7.18,60.93
Kei_Cars,137,2,110,3.61,20.27
Utility,155,10,178,11.48,101.52
Compact,160,4,140,0.14,40.01
SUVs,174,13,143,11.91,131.01
Utility,140,10,155,0.2,100.02
Sedans,157,11,159,10.31,111.14
Luxury_Sedans,150,9,211,2.04,90.36
Compact,155,9,144,3.5,90.34
SUVs,170,15,191,18.42,152.45
SUVs,164,5,206,10.9,51.7
Crossovers,158,12,133,5.2,120.44
Sedans,150,11,174,11.06,111.47
Sports_Cars,125,11,346,18.64,118.23
Pickup_Trucks,173,6,160,13.9,61.41
SUVs,166,7,154,13.42,71.34
Crossovers,174,9,177,5.75,90.68
Compact,157,6,134,1.04,60.09
Sedans,140,5,195,12.59,52.12
Pickup_Trucks,173,9,146,12.75,91.13
Muscle_Cars,137,18,249,24.05,185.84
Supercars,123,21,343,18.49,218.19
Pickup_Trucks,173,13,171,2.89,130.33
Hatchbacks,145,6,167,0.53,60.07
Utility,160,8,127,9.42,80.73
Muscle_Cars,145,15,192,13.76,152.18
Compact,142,3,152,4.13,30.48
Sedans,158,6,140,10.23,60.93
Kei_Cars,137,1,109,4.48,10.32
Kei_Cars,149,4,131,3.81,40.33
Utility,159,11,179,9.74,111.27
Sports_Cars,138,10,317,9.73,103.46
Supercars,125,27,368,21.84,280.5
Sedans,143,14,177,11.01,141.57
Sports_Cars,120,20,311,8.64,203.43
Utility,142,8,149,4.19,80.47
Luxury_Sedans,141,8,165,1.74,80.23
Luxury_Sedans,157,8,235,1.1,80.22
Supercars,114,23,281,18.98,236.72
Compact,158,9,145,4.2,90.4
Muscle_Cars,133,15,247,18.42,154.61
Sedans,157,10,160,14.18,101.58
Crossovers,165,5,156,3.55,50.37
Muscle_Cars,143,20,289,24.05,207.0
Supercars,123,20,330,24.44,210.08
Sports_Cars,134,17,202,16.46,173.04
Crossovers,168,13,146,13.6,131.23
Kei_Cars,148,2,114,4.21,20.3
Pickup_Trucks,196,7,177,7.88,70.82
Luxury_Sedans,152,6,218,9.49,61.75
Pickup_Trucks,175,17,149,8.02,170.73
Supercars,129,25,318,17.38,256.57
Crossovers,170,7,162,2.72,70.29
Hatchbacks,143,3,120,9.38,30.75
Utility,143,5,140,1.59,50.16
Luxury_Sedans,147,8,249,5.5,81.28
Kei_Cars,139,2,137,7.33,20.74
Luxury_Sedans,152,5,205,4.41,50.74
Kei_Cars,149,2,124,1.9,20.15
Muscle_Cars,135,19,258,17.3,194.56
Pickup_Trucks,195,15,171,1.49,150.15
Hatchbacks,153,4,143,0.88,40.09
Utility,151,14,152,2.11,140.23
SUVs,184,19,192,10.24,191.29
Pickup_Trucks,171,18,135,9.81,180.78
Luxury_Sedans,150,11,234,4.99,111.04
Compact,140,4,126,9.02,40.79
Sedans,151,5,142,1.57,50.15
Pickup_Trucks,188,7,126,11.83,70.77
Sedans,160,9,192,4.75,90.69
Muscle_Cars,136,20,206,14.36,202.7
Sedans,152,6,155,11.66,61.28
Sedans,140,9,190,10.24,91.66
Crossovers,168,8,146,2.6,80.24
Luxury_Sedans,152,11,229,4.09,110.81
Hatchbacks,143,5,132,1.21,50.11
Luxury_Sedans,152,11,181,4.17,110.58
Crossovers,170,7,154,7.86,70.77
SUVs,166,14,157,4.49,140.46
Kei_Cars,131,3,105,3.23,30.23
SUVs,181,15,168,12.12,151.26
Kei_Cars,147,3,119,6.11,30.47
Compact,154,7,123,0.11,70.01
Supercars,130,28,260,26.55,287.21
Luxury_Sedans,160,7,236,2.63,70.52
Crossovers,165,9,189,3.1,90.43
Sports_Cars,140,11,258,11.98,113.07
Supercars,120,23,278,22.13,237.28
Crossovers,165,8,152,0.76,80.08
Pickup_Trucks,195,11,171,6.48,110.65
Luxury_Sedans,147,8,234,9.26,81.96
Sedans,147,10,190,14.79,102.27
Compact,143,3,132,9.92,30.91
Muscle_Cars,131,23,255,23.94,236.31
Utility,156,5,163,10.13,51.17
Crossovers,160,6,142,7.96,60.73
Kei_Cars,141,2,125,7.24,20.62
SUVs,179,8,158,15.39,81.47
Pickup_Trucks,189,18,122,6.58,180.41
Kei_Cars,132,1,112,0.0,10.0
Pickup_Trucks,176,14,170,11.59,141.27
Crossovers,161,5,172,14.79,51.79
Kei_Cars,134,3,104,1.64,30.11
Sports_Cars,137,24,257,19.09,244.92
Luxury_Sedans,145,9,206,6.63,91.18
Sports_Cars,128,23,348,8.52,233.76
Supercars,128,24,346,25.61,250.87
Supercars,121,20,304,21.84,208.15
SUVs,172,12,163,17.62,121.83
SUVs,177,16,156,3.72,160.36
Hatchbacks,154,7,143,5.49,70.53
Hatchbacks,143,9,121,1.99,90.16
Compact,140,9,125,0.93,90.08
Crossovers,157,11,159,8.12,110.9
Hatchbacks,142,7,126,8.22,70.71
Sedans,147,8,195,7.75,81.25
Crossovers,160,5,187,10.72,51.49
Utility,150,11,173,1.51,110.2
Supercars,114,21,353,16.52,218.27
SUVs,183,9,145,13.54,91.12
Supercars,126,28,316,28.44,290.62
SUVs,165,5,185,1.19,50.16
Pickup_Trucks,178,6,166,7.85,60.82
Sedans,151,14,151,5.88,140.63
Kei_Cars,147,2,134,3.84,20.35
Muscle_Cars,139,16,267,14.33,163.88
Sports_Cars,139,23,302,18.2,235.9
Kei_Cars,139,4,114,0.86,40.07
Supercars,111,26,383,27.62,275.65
Luxury_Sedans,149,5,200,5.5,50.91
Hatchbacks,153,6,147,2.12,60.22
Kei_Cars,143,2,107,4.53,20.31
Pickup_Trucks,192,10,139,9.97,100.74
Crossovers,164,8,173,3.23,80.39
SUVs,179,12,208,0.75,120.11
Kei_Cars,139,2,124,0.33,20.03
Sports_Cars,128,20,319,27.28,210.2
Utility,144,6,158,9.16,61.1
Compact,156,4,136,6.16,40.55
Crossovers,165,9,132,2.13,90.17
Pickup_Trucks,191,9,167,10.61,91.04
Kei_Cars,138,2,133,3.6,20.35
SUVs,179,12,149,9.54,120.84
Compact,141,9,173,8.35,91.17
Utility,148,10,172,6.72,100.89
Crossovers,162,6,187,2.79,60.38
Sports_Cars,128,14,257,19.54,145.38
Muscle_Cars,143,19,280,23.68,196.58
Sports_Cars,127,15,244,19.04,154.9
Compact,152,9,135,5.87,90.53
Hatchbacks,142,9,134,5.21,90.5
Sports_Cars,124,19,294,14.97,195.25
Compact,160,7,178,5.04,70.65
Sports_Cars,129,20,314,14.02,205.22
SUVs,169,16,172,14.64,161.69
Utility,146,12,149,2.99,120.32
Pickup_Trucks,174,13,133,10.62,130.81
Crossovers,174,8,150,5.25,80.48
Supercars,126,21,347,16.51,217.29
Sports_Cars,126,15,213,29.83,156.14
Compact,160,8,168,5.0,80.59
Crossovers,155,9,135,14.4,91.26
Compact,149,8,151,8.79,80.95
Kei_Cars,149,4,137,0.32,40.03
Pickup_Trucks,197,18,169,13.15,181.27
Muscle_Cars,134,20,213,11.06,202.23
Sports_Cars,138,10,260,5.58,101.48
Supercars,117,24,391,19.48,251.02
Hatchbacks,144,6,166,2.36,60.31
Luxury_Sedans,154,8,150,9.86,81.02
Sports_Cars,133,12,310,11.27,124.01
Utility,141,12,144,4.39,120.47
Crossovers,174,5,155,9.49,50.91
SUVs,183,16,143,3.96,160.32
Pickup_Trucks,175,13,169,0.43,130.05
Crossovers,165,7,184,2.72,70.36
Luxury_Sedans,143,10,168,3.85,100.51
Luxury_Sedans,148,11,160,2.71,110.32
SUVs,168,18,175,11.46,181.37
Muscle_Cars,136,19,220,11.35,192.36
Sports_Cars,132,10,307,19.61,106.84
Hatchbacks,141,8,126,2.07,80.18
Hatchbacks,146,4,166,9.19,41.17
Muscle_Cars,133,22,243,11.02,222.72
Crossovers,174,5,140,5.06,50.42
Kei_Cars,130,2,107,2.4,20.18
Sports_Cars,131,13,248,20.5,135.22
Sports_Cars,121,11,286,21.11,117.2
Sports_Cars,120,18,297,10.6,183.92
Supercars,118,21,396,22.79,222.93
SUVs,160,14,206,0.97,140.16
Crossovers,162,14,139,1.76,140.16
Luxury_Sedans,144,9,162,1.18,90.15
Muscle_Cars,143,17,214,16.03,173.02
Pickup_Trucks,172,10,165,0.66,100.07
Luxury_Sedans,157,9,218,9.61,91.71
Pickup_Trucks,190,12,161,12.2,121.14
SUVs,178,15,207,14.05,152.03
SUVs,169,14,207,18.55,142.8
Compact,149,7,155,4.97,70.56
Hatchbacks,147,3,159,0.67,30.08
Hatchbacks,142,7,160,2.95,70.37
Supercars,129,25,338,16.86,256.99
Sports_Cars,124,20,280,12.55,204.11
Supercars,130,27,362,29.07,282.87
Sedans,149,6,144,3.48,60.35
Sports_Cars,130,22,254,25.89,226.8
Muscle_Cars,141,22,225,20.2,224.13
Sports_Cars,140,13,212,26.29,134.88
Compact,151,3,145,2.93,30.3
Sedans,140,6,197,4.01,60.69
Luxury_Sedans,151,6,221,4.98,60.94
Muscle_Cars,137,18,252,10.31,182.61
Crossovers,171,10,142,11.42,100.98
Pickup_Trucks,198,14,148,6.1,140.48
Supercars,111,20,291,22.98,208.73
Supercars,126,26,290,22.57,267.52
Muscle_Cars,130,22,284,20.22,226.36
Supercars,124,26,395,24.01,272.88
Luxury_Sedans,140,7,169,4.85,70.66
Muscle_Cars,135,24,297,22.5,247.25
Luxury_Sedans,153,11,151,7.63,110.81
Sports_Cars,134,21,271,17.46,214.99
Utility,142,12,151,7.05,120.8
Hatchbacks,151,9,151,10.56,91.13
Sedans,160,7,182,3.49,70.47
Muscle_Cars,142,24,260,19.09,244.83
Pickup_Trucks,194,12,160,13.42,121.21
Luxury_Sedans,158,11,158,2.64,110.29
Supercars,112,24,354,21.26,250.78
Muscle_Cars,141,19,276,23.61,196.51
Supercars,124,28,302,17.67,286.42
Compact,150,8,120,2.49,80.19
Crossovers,166,8,133,5.11,80.41
Muscle_Cars,137,23,210,13.87,232.66
Utility,146,6,151,10.28,61.13
Supercars,121,25,264,21.94,256.62
Sedans,148,8,197,13.16,82.13
Utility,156,13,165,9.97,131.18
Sedans,146,13,172,6.28,130.85
Compact,152,8,161,6.6,80.77
Hatchbacks,149,3,149,0.42,30.04
Supercars,112,21,285,28.56,220.27
Sports_Cars,128,18,281,27.46,188.48
Sedans,155,5,141,0.08,50.01
Sports_Cars,129,21,287,19.13,216.18
Pickup_Trucks,197,18,171,8.49,180.84
Kei_Cars,135,1,128,4.54,10.42
Luxury_Sedans,151,10,157,5.32,100.6
Crossovers,155,8,164,13.38,81.57
Hatchbacks,153,4,143,2.32,40.23
Kei_Cars,130,4,134,3.04,40.32
Sports_Cars,131,22,311,18.37,226.6
Sedans,159,5,187,7.14,51.0
Sports_Cars,126,16,281,19.05,166.1
Utility,148,11,175,3.56,110.49
Muscle_Cars,139,16,262,12.88,163.4
Hatchbacks,147,4,151,6.87,40.75
Sedans,153,13,177,6.39,130.86
Supercars,130,22,393,19.68,230.09
Sedans,142,14,165,7.13,140.93
Sports_Cars,122,18,279,16.71,185.49
Utility,148,8,179,1.65,80.23
Hatchbacks,149,8,146,5.22,80.54
Sedans,150,5,171,7.43,50.96
Luxury_Sedans,159,7,170,7.28,70.88
Kei_Cars,146,4,111,4.26,40.3
Luxury_Sedans,140,11,248,0.94,110.23
SUVs,171,12,166,10.3,121.12
Pickup_Trucks,198,17,168,3.88,170.37
Muscle_Cars,135,18,289,18.67,185.82
Supercars,119,21,285,29.0,219.8
SUVs,180,18,177,15.25,181.72
Muscle_Cars,131,21,240,22.21,215.36
Luxury_Sedans,150,10,227,0.19,100.04
Luxury_Sedans,160,9,239,6.32,91.27
Sports_Cars,131,21,327,25.78,219.82
Sports_Cars,125,17,247,10.23,172.76
SUVs,183,12,155,8.24,120.76
Hatchbacks,145,4,159,0.74,40.09
Crossovers,172,6,155,0.16,60.02
SUVs,175,14,197,18.3,142.48
Pickup_Trucks,184,6,178,0.29,60.03
Muscle_Cars,134,20,182,20.95,203.28
Crossovers,161,14,133,5.94,140.49
Sedans,144,12,159,7.16,120.87
Muscle_Cars,132,21,190,24.17,214.06
Utility,153,11,179,9.88,111.34
Sedans,156,13,169,10.0,131.22
Kei_Cars,140,4,135,7.75,40.76
Hatchbacks,143,3,154,10.24,31.19
Crossovers,168,6,186,3.47,60.46
Sports_Cars,133,23,332,16.84,236.59
Compact,146,8,170,7.76,81.02
Luxury_Sedans,140,8,155,0.92,80.11
Hatchbacks,150,3,143,2.97,30.3
Kei_Cars,144,4,134,5.5,40.52
Muscle_Cars,140,19,191,11.26,191.84
Muscle_Cars,143,24,242,23.88,245.33
Sedans,143,10,192,4.77,100.77
Luxury_Sedans,141,7,188,5.6,70.89
Hatchbacks,153,4,128,7.13,40.59
SUVs,167,12,163,11.14,121.2
Sports_Cars,124,18,215,27.84,185.94
SUVs,183,11,163,15.16,111.49
Hatchbacks,150,3,166,11.92,31.47
Crossovers,157,10,171,3.26,100.4
Supercars,123,25,325,29.99,261.9
Pickup_Trucks,185,13,138,3.05,130.23
Hatchbacks,149,7,154,7.32,70.82
Muscle_Cars,140,22,260,15.37,223.97
SUVs,173,10,190,15.67,102.04
Hatchbacks,147,4,135,4.25,40.4
Utility,143,13,173,0.79,130.11
SUVs,175,14,209,18.14,142.69
Sports_Cars,123,16,244,29.92,167.73
SUVs,176,19,171,4.87,190.54
Muscle_Cars,145,19,196,17.14,192.79
Hatchbacks,143,3,130,0.3,30.03
Crossovers,157,5,185,10.58,51.47
Crossovers,174,6,161,0.22,60.02
Compact,158,6,169,8.48,61.03
Supercars,114,25,252,19.41,255.83
Luxury_Sedans,159,7,213,3.63,70.62
Pickup_Trucks,189,18,146,0.9,180.07
Compact,143,7,156,1.87,70.22
Crossovers,167,14,143,1.16,140.1
Utility,145,6,143,2.54,60.26
Sports_Cars,123,21,214,5.22,211.16
SUVs,167,16,190,8.82,161.2
Hatchbacks,140,9,145,9.94,91.08
Luxury_Sedans,142,5,194,4.4,50.73
Pickup_Trucks,192,14,125,5.42,140.34
Hatchbacks,147,4,158,3.81,40.45
Luxury_Sedans,144,10,168,5.09,100.67
Compact,140,6,175,3.99,60.58
Luxury_Sedans,151,9,202,1.12,90.19
Supercars,128,26,365,24.69,271.38
Pickup_Trucks,191,5,121,3.33,50.2
Crossovers,164,12,141,9.17,120.81
Sports_Cars,140,16,223,15.85,163.25
Sedans,141,9,149,8.63,90.97
Sedans,155,13,183,13.97,131.93
Sedans,150,8,179,2.45,80.34
Hatchbacks,148,4,130,5.33,40.47
Utility,142,12,174,4.36,120.61
Kei_Cars,138,2,106,3.83,20.26
Kei_Cars,141,2,125,1.13,20.1
SUVs,182,9,184,9.74,91.16
Crossovers,171,13,132,7.33,130.57
Hatchbacks,153,7,146,4.02,70.4
Kei_Cars,137,3,103,5.82,30.39
Supercars,119,27,260,22.34,276.7
Supercars,115,20,314,23.93,209.81
Sports_Cars,136,20,237,27.74,206.24
Crossovers,173,14,169,10.77,141.19
Supercars,130,22,324,20.72,227.94
Crossovers,162,5,137,2.82,50.24
Sports_Cars,121,22,302,29.28,230.61
Compact,150,9,140,9.96,90.96
Sports_Cars,134,17,304,25.22,178.43
Sedans,144,12,169,10.07,121.33
Sedans,158,9,143,8.35,90.79
Utility,147,12,172,4.72,120.63
Utility,154,6,169,7.55,60.94
SUVs,161,19,190,13.65,191.92
Kei_Cars,134,1,105,3.76,10.26
Utility,156,12,132,1.18,120.1
Crossovers,173,5,168,1.75,50.19
Muscle_Cars,137,18,205,11.97,182.22
Crossovers,162,12,160,13.45,121.45
Sports_Cars,136,18,260,24.26,186.33
SUVs,181,6,156,16.26,61.51
Muscle_Cars,137,22,191,18.05,222.99
Sedans,151,10,145,5.31,100.54
Crossovers,157,11,148,7.94,110.79
Utility,140,10,166,5.29,100.7
SUVs,175,11,145,19.99,111.71
Luxury_Sedans,151,11,164,7.95,110.96
Pickup_Trucks,200,7,123,8.1,70.48
Luxury_Sedans,147,11,238,1.68,110.37
Utility,146,11,169,9.52,111.24
Utility,154,12,162,2.32,120.27
Sedans,142,9,145,0.19,90.02
Kei_Cars,133,1,109,1.68,10.13
Compact,147,8,125,0.59,80.05
Utility,158,13,133,1.12,130.09
Luxury_Sedans,152,6,238,9.92,62.08
Sports_Cars,134,19,220,28.4,195.79
Utility,159,7,145,2.19,70.21
Sports_Cars,140,24,346,14.45,245.74
Sports_Cars,134,13,233,9.41,132.17
Crossovers,165,13,146,8.47,130.79
Kei_Cars,133,1,111,3.46,10.27
Utility,151,7,169,4.56,70.58
Muscle_Cars,137,15,234,23.15,155.14
Hatchbacks,152,6,123,4.92,60.38
Hatchbacks,150,8,144,1.2,80.12
Sedans,157,13,154,13.27,131.4
Pickup_Trucks,171,18,147,7.45,180.68
Sports_Cars,129,16,203,20.51,163.93
Muscle_Cars,131,17,292,20.76,176.75
Sports_Cars,128,20,239,21.64,205.32
Utility,151,6,155,1.99,60.22
Supercars,117,25,287,24.49,258.61
Sedans,160,7,197,14.3,72.13
Supercars,128,21,253,25.69,216.81
Kei_Cars,139,1,132,0.52,10.05
Muscle_Cars,137,24,235,21.58,244.84
Sports_Cars,126,23,284,11.1,233.66
Sports_Cars,135,12,222,28.7,125.88
SUVs,179,12,200,18.86,122.55
Sports_Cars,139,17,311,28.61,179.45
Compact,144,7,169,5.75,70.76
Crossovers,168,14,187,0.51,140.07
Kei_Cars,132,1,103,1.38,10.1
Compact,157,3,127,5.07,30.4
Sedans,143,6,160,14.71,61.8
Crossovers,165,12,140,9.68,120.84
Luxury_Sedans,150,11,150,6.51,110.69
Hatchbacks,153,9,163,11.74,91.38
Sedans,159,7,197,13.98,72.1
Compact,152,8,128,4.4,80.37
Luxury_Sedans,151,8,189,4.6,80.69
Luxury_Sedans,149,6,152,8.12,60.89
Compact,145,5,172,9.58,51.29
SUVs,167,13,171,7.68,130.89
Luxury_Sedans,156,5,212,5.04,50.87
Supercars,126,25,251,24.94,256.65
Utility,153,5,123,9.05,50.7
Hatchbacks,148,4,148,11.48,41.21
Supercars,126,25,312,29.37,260.73
Sedans,145,9,169,2.78,90.37
Muscle_Cars,141,24,234,20.37,244.42
Muscle_Cars,143,17,213,19.39,173.61
Supercars,114,26,252,23.87,267.1
Utility,144,10,156,10.78,101.27
Compact,146,5,135,7.33,50.69
Utility,148,6,148,4.46,60.47
Hatchbacks,152,9,120,11.0,90.83
Supercars,117,24,356,18.44,249.08
Sports_Cars,134,12,315,10.08,123.65
Compact,156,8,143,1.32,80.13
SUVs,184,5,144,7.27,50.59
SUVs,177,15,184,5.81,150.71
Sports_Cars,123,15,220,10.79,152.48
Sedans,141,10,141,12.39,101.27
Kei_Cars,134,3,128,4.81,30.45
Pickup_Trucks,199,12,131,1.65,120.11
Luxury_Sedans,159,7,238,4.48,70.9
Utility,158,13,126,5.49,130.43
Hatchbacks,147,8,126,5.3,80.44
Hatchbacks,145,9,139,0.74,90.07
Supercars,110,24,351,20.48,250.46
Muscle_Cars,142,21,255,15.64,213.87
Crossovers,172,6,171,10.85,61.22
Luxury_Sedans,157,11,237,6.66,111.35
Utility,153,8,124,9.77,80.77
Kei_Cars,140,4,125,5.6,40.49
Kei_Cars,131,2,110,4.73,20.36
Pickup_Trucks,199,11,147,9.36,110.73
Sports_Cars,132,11,345,10.71,114.51
Compact,142,8,138,9.75,80.97
Supercars,121,22,296,16.29,225.9
SUVs,170,11,200,6.76,110.98
Sports_Cars,131,11,315,6.32,112.35
Sedans,153,10,187,1.41,100.21
Kei_Cars,146,4,119,0.18,40.01
Pickup_Trucks,186,10,123,14.12,100.89
Sedans,148,9,167,0.89,90.11
Muscle_Cars,143,18,292,23.11,186.85
Pickup_Trucks,171,14,172,2.47,140.28
Supercars,112,26,374,24.49,273.39
Compact,148,8,148,3.79,80.4
SUVs,179,15,150,9.07,150.81
Sedans,151,7,194,6.47,71.01
Luxury_Sedans,153,11,246,7.68,111.69
Sedans,144,5,187,14.03,52.15
Sports_Cars,120,21,251,14.8,214.23
Supercars,122,21,328,19.45,218.11
Sedans,146,14,143,5.75,140.59
Utility,145,6,128,9.92,60.86
Muscle_Cars,136,24,211,12.81,242.5
Sports_Cars,120,21,304,5.11,211.97
Muscle_Cars,143,18,182,12.36,181.84
Pickup_Trucks,172,8,164,9.42,81.0
Utility,147,6,162,10.74,61.31
Hatchbacks,143,3,139,0.45,30.05
Sports_Cars,137,23,313,20.87,237.2
Kei_Cars,147,2,125,0.34,20.03
Crossovers,156,5,186,10.65,51.5
Kei_Cars,145,1,137,4.46,10.43
Kei_Cars,137,3,126,1.07,30.1
Utility,160,5,155,10.45,51.09
Crossovers,174,5,172,4.46,50.5
Sports_Cars,124,10,314,9.87,103.85
Hatchbacks,150,8,142,9.15,80.9
Luxury_Sedans,141,9,235,9.7,92.15
Muscle_Cars,139,24,280,14.94,244.34
Muscle_Cars,143,22,197,17.39,222.89
Sports_Cars,135,23,233,28.65,236.32
Muscle_Cars,144,20,294,18.37,205.52
Crossovers,155,6,148,12.2,61.23
Utility,145,12,154,9.42,121.08
SUVs,185,5,183,0.21,50.02
Muscle_Cars,142,21,183,20.21,213.01
Hatchbacks,147,8,145,4.35,80.45
Hatchbacks,143,4,132,2.0,40.19
Sedans,155,12,191,14.2,122.09
Kei_Cars,142,3,127,3.75,30.33
Kei_Cars,131,4,100,4.2,40.28
Sports_Cars,127,11,294,14.5,114.97
Kei_Cars,143,4,124,6.35,40.53
Crossovers,165,7,148,5.02,70.48
Utility,153,12,131,11.01,120.94
Kei_Cars,136,2,107,4.3,20.31
Sedans,140,12,147,10.43,121.15
Muscle_Cars,143,19,250,20.38,194.81
SUVs,172,8,140,2.96,80.25
Crossovers,171,12,133,5.14,120.4
Crossovers,158,9,176,10.1,91.3
Sedans,155,14,142,6.54,140.62
Hatchbacks,153,5,160,8.49,50.98
Utility,141,7,159,0.03,70.0
Kei_Cars,136,1,138,1.46,10.15
Muscle_Cars,132,21,291,16.9,215.47
Pickup_Trucks,185,18,169,12.9,181.33
Pickup_Trucks,198,13,139,3.94,130.28
Pickup_Trucks,199,5,128,12.23,50.77
Hatchbacks,141,8,139,0.93,80.09
Kei_Cars,149,1,104,0.18,10.01
Utility,155,11,154,7.61,110.82
Muscle_Cars,132,16,215,24.59,164.97
Luxury_Sedans,156,8,237,5.04,81.03
Supercars,122,26,353,17.01,267.95
Pickup_Trucks,186,5,121,1.56,50.1
Supercars,110,27,330,21.36,279.92
Pickup_Trucks,186,9,122,0.47,90.03
Compact,147,9,147,1.15,90.12
Pickup_Trucks,200,16,166,13.09,161.21
Crossovers,172,7,149,8.94,70.82
Kei_Cars,136,3,110,2.3,30.17
Muscle_Cars,132,18,284,24.38,187.48
Muscle_Cars,139,20,205,16.99,203.09
Supercars,123,25,371,26.63,263.02
Luxury_Sedans,142,11,191,9.96,111.61
Pickup_Trucks,172,11,164,10.94,111.16
SUVs,160,13,142,11.94,131.09
Pickup_Trucks,174,16,129,12.03,160.88
Pickup_Trucks,184,13,168,10.53,131.08
Muscle_Cars,131,16,243,24.34,165.96
Pickup_Trucks,191,9,170,2.17,90.22
Crossovers,158,11,150,14.33,111.44
Utility,143,10,136,8.19,100.79
Hatchbacks,140,7,150,7.13,70.81
Compact,151,7,131,0.4,70.03
Kei_Cars,143,2,104,4.04,20.26
SUVs,185,5,195,10.34,51.32
Sedans,142,8,175,12.77,81.8
Sedans,150,11,141,0.64,110.06
Utility,144,11,155,1.73,110.2
Kei_Cars,136,1,128,2.94,10.27
Sedans,150,12,166,5.08,120.63
Hatchbacks,151,4,154,1.63,40.18
Utility,144,7,169,9.54,71.26
Luxury_Sedans,159,11,210,3.71,110.62
Compact,160,9,140,9.98,90.9
Sedans,160,5,167,9.98,51.17
Sedans,145,12,158,3.74,120.45
SUVs,165,11,172,19.79,112.31
Luxury_Sedans,148,5,163,6.02,50.74
SUVs,171,18,163,15.18,181.59
Crossovers,156,14,182,14.87,142.02
SUVs,179,10,161,2.37,100.24
SUVs,160,14,165,14.33,141.64
SUVs,175,12,167,18.04,121.91
Sedans,157,5,186,11.86,51.66
SUVs,164,9,202,1.17,90.18
SUVs,165,7,209,19.74,73.09
Muscle_Cars,145,24,231,14.77,243.09
Muscle_Cars,131,24,250,17.84,244.62
Muscle_Cars,142,23,286,17.16,235.02
Luxury_Sedans,146,10,155,5.45,100.63
Compact,160,3,129,2.59,30.21
Utility,159,5,165,6.49,50.75
Luxury_Sedans,145,8,221,1.9,80.38
SUVs,167,18,174,16.24,181.92
Pickup_Trucks,196,12,125,2.47,120.15
SUVs,172,17,156,1.2,170.12
Pickup_Trucks,186,9,154,0.7,90.06
Supercars,118,22,319,17.78,227.37
Crossovers,174,14,154,0.25,140.02
Hatchbacks,150,8,121,3.79,80.29
SUVs,177,17,191,5.99,170.78
Pickup_Trucks,175,16,138,7.35,160.59
Hatchbacks,149,4,168,1.6,40.2
Supercars,111,25,381,29.28,266.38
Hatchbacks,141,7,162,10.99,71.39
Luxury_Sedans,145,9,204,5.4,90.95
Sports_Cars,140,13,271,25.89,136.96
Compact,143,9,154,5.76,90.67
Compact,140,6,144,4.6,60.49
Utility,152,6,148,2.1,60.22
Muscle_Cars,133,23,194,11.04,231.95
Crossovers,169,12,156,12.75,121.27
Crossovers,155,11,155,13.4,111.44
Muscle_Cars,137,16,292,18.34,165.73
Hatchbacks,155,6,135,7.33,60.65
Utility,149,11,127,4.39,110.37
Kei_Cars,132,1,113,6.87,10.54
Luxury_Sedans,151,10,222,4.3,100.82
Muscle_Cars,132,17,211,12.08,172.43
Muscle_Cars,144,15,209,24.94,154.42
Compact,152,8,125,4.65,80.37
Kei_Cars,136,2,139,1.76,20.19
Sedans,158,10,179,6.31,100.83
Crossovers,155,5,139,1.84,50.17
Hatchbacks,148,3,128,3.43,30.29
Muscle_Cars,139,15,212,19.61,153.73
Hatchbacks,147,4,155,10.38,41.18
SUVs,170,6,203,0.86,60.13
Muscle_Cars,133,22,205,23.27,224.36
Pickup_Trucks,173,16,162,6.75,160.7
Utility,153,8,120,9.27,80.69
Kei_Cars,144,1,102,1.58,10.1
Sedans,152,11,192,11.28,111.71
Supercars,121,24,335,16.88,247.36
Muscle_Cars,136,20,299,17.9,205.84
Sports_Cars,121,24,322,20.01,248.17
Supercars,122,28,271,16.37,285.15
Supercars,113,23,303,23.1,239.16
Sports_Cars,123,10,315,18.49,107.21
Muscle_Cars,137,23,213,13.68,232.68
Utility,147,7,164,6.97,70.87
Kei_Cars,139,1,126,0.25,10.02
SUVs,163,12,172,3.06,120.37
Muscle_Cars,133,17,245,11.4,172.85
Sports_Cars,127,10,265,10.82,103.19
Kei_Cars,130,4,104,5.04,40.36
Supercars,128,21,256,28.24,217.57
SUVs,176,13,197,15.39,132.08
Pickup_Trucks,182,13,140,4.73,130.38
Sedans,151,5,187,3.49,50.52
Compact,146,6,139,1.05,60.1
Sports_Cars,129,14,295,19.16,146.45
Sports_Cars,137,15,318,25.37,158.87
Muscle_Cars,130,22,239,13.23,223.25
Compact,144,8,127,9.36,80.81
Pickup_Trucks,194,7,141,8.98,70.67
Kei_Cars,143,1,113,5.38,10.39
Crossovers,158,14,135,5.92,140.51
Utility,153,10,136,11.25,101.01
Kei_Cars,133,2,100,2.04,20.13
Luxury_Sedans,149,5,169,5.76,50.74
Luxury_Sedans,156,8,171,4.12,80.51
Sports_Cars,120,12,306,10.98,124.25
Supercars,119,28,278,18.73,286.25
Hatchbacks,147,9,146,11.48,91.19
Supercars,117,27,359,21.51,280.66
SUVs,172,9,153,9.98,90.95
Luxury_Sedans,148,11,244,9.21,112.06
Sports_Cars,128,17,299,19.94,176.89
Kei_Cars,147,2,133,6.69,20.61
Sedans,142,10,175,11.7,101.65
Hatchbacks,142,8,165,11.29,81.46
Hatchbacks,140,6,128,11.15,61.0
Luxury_Sedans,152,10,162,8.81,101.04
Luxury_Sedans,154,8,220,7.09,81.31
Sports_Cars,122,10,317,5.66,102.28
Muscle_Cars,140,18,205,12.98,182.35
Crossovers,173,10,161,3.45,100.36
Crossovers,174,6,154,0.31,60.03
Utility,157,6,139,4.4,60.4
Utility,147,9,150,6.91,90.75
Kei_Cars,135,2,117,0.96,20.08
Pickup_Trucks,197,6,154,8.04,60.68
Muscle_Cars,133,15,197,21.33,153.78
Sedans,150,6,191,13.51,62.06
Luxury_Sedans,141,11,169,3.67,110.5
Luxury_Sedans,156,10,207,3.19,100.53
Kei_Cars,147,2,114,5.25,20.38
Hatchbacks,153,9,130,10.8,90.91
Sports_Cars,128,20,312,23.98,208.75
Luxury_Sedans,155,9,167,5.16,90.63
Hatchbacks,155,6,134,9.41,60.82
Pickup_Trucks,193,5,134,7.0,50.49
SUVs,178,13,152,15.62,131.42
Pickup_Trucks,180,6,169,10.04,61.06
Hatchbacks,140,5,163,4.02,50.52
Muscle_Cars,136,18,229,22.37,184.85
Crossovers,168,7,161,6.67,70.71
Utility,144,11,164,8.42,111.07
Compact,140,8,151,2.68,80.31
Sedans,144,10,157,1.19,100.14
Utility,156,5,179,0.51,50.07
Crossovers,159,6,135,14.95,61.27
Kei_Cars,139,3,114,0.11,30.01
Crossovers,174,5,165,6.28,50.67
Kei_Cars,132,1,112,4.47,10.35
Sedans,155,5,144,8.15,50.79
Luxury_Sedans,148,7,204,1.3,70.22
Pickup_Trucks,199,17,171,5.94,170.58
Crossovers,169,12,170,14.53,121.65
Sedans,149,10,178,6.49,100.9
Crossovers,165,9,139,10.23,90.88
Sports_Cars,127,24,258,14.22,244.01
SUVs,171,13,156,8.23,130.82
SUVs,178,12,166,3.33,120.35
Luxury_Sedans,142,9,183,6.68,91.01
Pickup_Trucks,172,10,162,5.3,100.55
Sports_Cars,136,13,223,24.5,135.08
SUVs,164,15,151,17.02,151.66
Hatchbacks,145,8,129,0.31,80.03
Crossovers,163,14,174,12.48,141.52
Utility,158,9,148,8.41,90.83
Sedans,141,9,184,10.8,91.66
Sports_Cars,120,20,200,20.6,204.15
Luxury_Sedans,159,6,170,4.01,60.49
Supercars,124,22,256,25.21,227.03
Supercars,114,28,357,15.66,287.99
Sports_Cars,124,14,216,5.24,141.17
Hatchbacks,141,6,123,3.69,60.31
Muscle_Cars,134,23,280,12.23,233.7
Luxury_Sedans,147,5,197,6.52,51.07
Hatchbacks,141,7,137,4.54,70.45
SUVs,163,13,142,2.64,130.24
Hatchbacks,143,6,137,4.13,60.4
SUVs,183,17,191,0.0,170.0
Crossovers,159,8,144,0.51,80.05
Pickup_Trucks,183,19,167,1.56,190.16
Sports_Cars,124,12,273,24.76,127.62
Utility,153,7,154,6.86,70.75
Utility,154,8,139,11.67,81.08
Sedans,140,13,188,1.65,130.27
Pickup_Trucks,183,12,152,8.93,120.79
Muscle_Cars,131,16,259,10.2,162.82
Sports_Cars,137,15,238,28.41,156.38
Compact,160,3,161,6.51,30.72
Crossovers,167,14,160,0.73,140.08
Pickup_Trucks,181,9,169,0.31,90.03
Sports_Cars,124,20,200,18.92,203.7
Kei_Cars,149,1,135,2.99,10.27
Hatchbacks,143,7,151,0.08,70.01
Utility,145,13,128,6.26,130.54
SUVs,179,11,169,11.68,111.24
Hatchbacks,147,6,123,2.65,60.21
Crossovers,173,13,155,10.66,131.03
Pickup_Trucks,185,11,154,1.13,110.1
Utility,149,11,162,9.43,111.13
Crossovers,170,8,151,2.12,80.2
SUVs,169,5,165,7.16,50.78
SUVs,182,17,190,13.24,171.65
Sedans,146,5,150,8.91,50.97
Hatchbacks,148,9,143,8.39,90.84
Supercars,130,27,396,19.21,279.97
Utility,143,8,149,11.3,81.25
SUVs,178,18,147,16.61,181.43
Luxury_Sedans,150,7,150,8.93,70.95
Kei_Cars,139,1,130,6.72,10.62
Crossovers,164,8,170,1.3,80.15
Crossovers,173,10,164,8.38,100.88
Compact,141,3,163,7.81,31.0
Sports_Cars,138,19,253,17.34,194.35
SUVs,173,15,157,6.5,150.64
Hatchbacks,144,4,147,3.35,40.36
Compact,158,9,133,1.98,90.17
Luxury_Sedans,159,11,209,3.52,110.58
Utility,149,8,140,1.72,80.17
Pickup_Trucks,200,7,125,12.54,70.76
Sedans,157,5,162,11.99,51.36
Hatchbacks,145,4,147,5.71,40.61
Kei_Cars,130,2,123,2.18,20.2
Supercars,124,24,256,23.58,246.61
Sedans,143,5,142,10.39,51.07
Compact,144,9,173,7.98,91.1
Pickup_Trucks,178,15,127,14.3,150.99
Sedans,141,11,173,2.87,110.4
Supercars,112,23,265,29.84,239.58
Sports_Cars,139,19,226,29.77,196.07
Supercars,126,24,274,17.47,245.4
Supercars,125,20,357,20.46,209.43
Pickup_Trucks,199,10,164,3.65,100.34
Luxury_Sedans,152,11,209,5.91,111.02
Supercars,111,26,396,27.66,276.48
Compact,144,7,132,5.9,70.54
Utility,147,8,143,6.47,80.66
Sports_Cars,123,19,285,18.55,196.22
Hatchbacks,149,7,127,7.81,70.65
Supercars,117,29,270,19.43,296.31
Utility,160,9,147,3.18,90.31
Pickup_Trucks,183,19,158,8.45,190.8
Luxury_Sedans,151,6,220,2.77,60.52
Luxury_Sedans,149,7,199,4.86,70.8
Supercars,114,27,320,20.08,278.62
Hatchbacks,142,9,160,8.93,91.11
Hatchbacks,153,4,123,7.12,40.55
Hatchbacks,155,3,157,1.6,30.18
Kei_Cars,143,4,130,1.17,40.11
Luxury_Sedans,148,6,172,4.46,60.59
Compact,153,5,172,3.03,50.39
Luxury_Sedans,147,10,175,2.64,100.36
SUVs,163,19,191,2.47,190.35
Sports_Cars,136,18,225,16.67,183.56
Muscle_Cars,134,18,222,15.49,183.3
Supercars,121,29,271,15.31,294.87
Crossovers,158,7,162,1.46,70.17
Hatchbacks,153,8,142,4.88,80.47
Hatchbacks,148,4,143,0.4,40.04
Sedans,143,8,198,6.96,81.18
Supercars,118,25,272,26.83,258.58
SUVs,171,7,173,6.31,70.73
Luxury_Sedans,157,8,243,0.0,80.0
Kei_Cars,143,4,133,3.89,40.36
Supercars,124,28,372,21.3,290.51
Crossovers,167,13,140,7.35,130.63
Muscle_Cars,139,17,219,21.34,174.24
Compact,146,8,165,3.02,80.38
Crossovers,159,14,147,3.6,140.35
Supercars,130,22,288,22.78,227.28
Pickup_Trucks,196,13,167,6.49,130.62
Supercars,119,23,314,18.58,237.45
Sports_Cars,134,11,314,5.17,111.87
Compact,153,3,172,5.55,30.71
Sports_Cars,138,22,300,6.58,222.16
Hatchbacks,142,3,146,1.36,30.15
SUVs,161,11,164,16.55,111.86
Crossovers,172,11,149,1.58,110.15
Pickup_Trucks,184,5,125,4.39,50.29
Luxury_Sedans,153,11,204,7.31,111.21
Sports_Cars,131,13,347,9.19,133.94
Utility,150,13,131,0.59,130.05
Hatchbacks,150,4,131,7.08,40.62
Sports_Cars,129,11,230,21.27,114.9
Muscle_Cars,143,24,214,22.1,244.12
Utility,146,8,171,8.83,81.18
Compact,153,9,156,3.35,90.37
Sedans,146,6,160,11.45,61.38
Kei_Cars,141,2,123,7.23,20.61
SUVs,164,10,152,0.3,100.03
Luxury_Sedans,142,8,189,9.62,81.53
Muscle_Cars,131,24,283,11.1,243.5
Hatchbacks,152,4,136,9.27,40.84
Supercars,112,21,387,15.62,219.15
Kei_Cars,145,3,114,7.22,30.53
Luxury_Sedans,154,5,244,2.75,50.59
Pickup_Trucks,192,17,168,14.78,171.45
Crossovers,157,9,176,12.35,91.59
Kei_Cars,147,2,131,1.21,20.11
Supercars,130,21,357,17.11,217.63
Crossovers,157,12,152,2.44,120.25
Sedans,151,14,171,4.29,140.55
Muscle_Cars,136,16,206,23.9,164.4
Supercars,129,26,363,25.84,271.68
Hatchbacks,149,9,149,5.17,90.55
Muscle_Cars,141,18,260,18.97,184.83
Kei_Cars,132,3,115,1.72,30.14
Luxury_Sedans,156,8,208,9.18,81.53
Pickup_Trucks,193,16,132,7.5,160.51
Compact,143,7,129,2.33,70.21
Compact,148,3,139,9.54,30.92
Sedans,149,7,176,11.98,71.63
Hatchbacks,151,7,163,5.09,70.61
Sedans,155,14,183,11.84,141.64
Utility,154,12,146,11.27,121.12
Crossovers,165,6,187,5.62,60.76
Compact,140,3,131,9.1,30.85
Supercars,127,28,298,17.16,285.98
Utility,154,14,141,4.53,140.43
Hatchbacks,155,4,169,2.35,40.29
Utility,158,12,131,1.34,120.11
Sports_Cars,120,23,348,28.85,243.05
Luxury_Sedans,159,9,193,4.34,90.64
SUVs,164,10,193,18.47,102.59
Hatchbacks,144,5,133,0.98,50.09
SUVs,178,17,182,9.1,171.09
Supercars,123,21,281,24.66,217.99
Utility,155,14,145,6.38,140.63
Utility,152,8,130,4.89,80.42
Utility,156,14,125,11.4,140.89
Luxury_Sedans,158,9,165,7.57,90.88
Supercars,110,22,389,26.04,235.31
SUVs,179,19,161,1.29,190.13
Luxury_Sedans,149,8,236,6.39,81.35
Sports_Cars,125,17,308,20.6,177.61
Supercars,110,26,341,26.53,272.78
Luxury_Sedans,154,7,224,5.56,71.05
Crossovers,164,6,181,7.56,60.98
Utility,154,11,142,4.96,110.48
Luxury_Sedans,142,8,150,9.06,81.02
Kei_Cars,143,2,121,5.5,20.45
SUVs,173,19,151,14.85,191.37
Supercars,120,25,292,26.26,259.2
Muscle_Cars,141,21,229,13.76,212.92
Pickup_Trucks,170,11,158,9.4,110.95
Compact,149,3,157,1.2,30.14
Supercars,112,22,352,25.22,232.56
Supercars,111,27,393,18.61,281.2
Sports_Cars,139,20,253,28.67,206.94
Sedans,148,11,187,5.72,110.86
Supercars,130,21,265,22.84,216.44
Compact,153,6,156,4.95,60.55
Hatchbacks,155,9,152,5.75,90.61
Hatchbacks,140,8,121,7.24,80.6
SUVs,171,8,203,3.8,80.56
Utility,153,10,125,9.89,100.78
Hatchbacks,140,5,154,10.57,51.25
Utility,158,5,125,3.88,50.3
Supercars,123,20,328,15.89,206.61
Pickup_Trucks,189,16,157,0.87,160.08
Supercars,113,25,255,17.83,255.52
Kei_Cars,141,2,127,7.68,20.68
Luxury_Sedans,147,9,180,2.95,90.42
Crossovers,171,12,168,1.01,120.11
Pickup_Trucks,175,17,135,14.59,171.13
Compact,145,6,151,8.92,60.99
Supercars,124,26,391,21.37,271.36
Kei_Cars,148,2,116,6.36,20.47
Sports_Cars,129,15,210,29.51,155.81
Compact,153,4,124,7.69,40.6
Sports_Cars,128,14,341,6.78,142.9
Sedans,154,5,198,11.28,51.77
Sedans,149,13,180,13.29,131.86
Crossovers,170,12,156,1.69,120.17
SUVs,181,9,150,16.47,91.44
Hatchbacks,143,4,128,3.26,40.29
Utility,160,13,144,11.29,131.06
Sports_Cars,130,14,288,11.34,143.7
Sports_Cars,121,19,335,22.2,199.57
Pickup_Trucks,184,18,137,4.07,180.31
Luxury_Sedans,140,6,158,5.47,60.68
Supercars,117,21,302,20.02,217.68
Supercars,124,25,335,23.05,259.68
Sports_Cars,132,12,311,16.46,125.89
Muscle_Cars,135,24,279,20.46,246.03
Utility,141,9,150,9.26,91.05
Sedans,154,9,160,14.63,91.66
Crossovers,164,8,155,12.11,81.23
Utility,154,5,136,11.31,51.01
SUVs,184,16,191,16.77,162.07
Muscle_Cars,142,17,215,21.92,174.14
Sedans,159,12,170,10.05,121.22
Sports_Cars,121,22,299,13.42,224.96
SUVs,172,18,161,5.69,180.59
SUVs,184,18,154,5.35,180.48
Kei_Cars,147,2,124,5.11,20.42
Muscle_Cars,138,17,180,24.73,173.66
Compact,153,7,139,1.21,70.11
SUVs,179,9,204,7.28,91.03
Sports_Cars,121,23,303,15.21,235.72
Sedans,144,7,192,1.44,70.23
Kei_Cars,147,4,134,1.31,40.12
Hatchbacks,140,4,130,2.95,40.27
Compact,155,7,142,4.73,70.45
Kei_Cars,139,1,106,3.96,10.27
Luxury_Sedans,149,7,223,2.13,70.42
Kei_Cars,145,2,104,4.86,20.31
Kei_Cars,133,2,109,0.99,20.07
Sedans,140,10,140,13.19,101.35
Muscle_Cars,139,21,284,24.11,217.03
Supercars,128,28,378,18.83,289.27
Pickup_Trucks,176,17,155,14.53,171.38
Sedans,141,7,159,1.06,70.13
Luxury_Sedans,140,9,160,9.16,91.15
Muscle_Cars,131,16,186,18.94,163.14
Luxury_Sedans,151,11,152,5.69,110.62
Supercars,111,25,332,24.04,261.1
Compact,143,4,171,9.61,41.31
Kei_Cars,132,4,106,5.23,40.38
Crossovers,167,14,138,12.48,141.05
Compact,146,3,173,5.26,30.71
Sedans,146,14,189,14.81,142.27
Pickup_Trucks,182,19,159,8.9,190.85
Muscle_Cars,145,20,255,19.48,204.68
Crossovers,175,9,153,6.05,90.57
Utility,140,11,151,10.4,111.2
Kei_Cars,139,1,104,2.02,10.13
Hatchbacks,154,9,156,11.17,91.23
Hatchbacks,150,6,131,11.18,60.97
Supercars,119,20,279,21.8,207.27
Kei_Cars,139,3,111,1.54,30.11
Kei_Cars,132,1,127,1.07,10.1
Kei_Cars,137,2,123,6.41,20.56
Crossovers,175,5,151,6.7,50.62
Sports_Cars,137,22,239,10.29,222.41
Muscle_Cars,131,21,209,16.92,213.36
Sports_Cars,124,15,329,5.6,152.35
Supercars,116,27,340,17.43,278.09
Muscle_Cars,141,21,255,14.72,213.67
Crossovers,174,12,181,9.71,121.18
Utility,159,10,133,7.31,100.61
Sedans,153,13,175,8.83,131.16
Kei_Cars,134,4,112,4.95,40.38
Pickup_Trucks,179,6,130,8.0,60.58
Compact,150,5,128,4.67,50.39
Kei_Cars,146,2,107,1.02,20.07
Sports_Cars,120,21,327,23.58,219.86
Compact,143,5,151,4.28,50.48
SUVs,170,19,154,4.46,190.44
Sedans,153,5,192,12.94,51.95
Crossovers,157,6,136,4.52,60.4
Supercars,129,24,338,25.82,250.49
Kei_Cars,136,2,130,6.18,20.59
Sedans,149,12,142,6.54,120.65
Utility,144,9,176,9.81,91.38
Supercars,117,20,273,20.12,206.63
Sports_Cars,135,24,233,9.31,242.13
Supercars,117,22,397,16.4,229.54
Sedans,141,14,186,2.1,140.33
Luxury_Sedans,148,5,206,5.9,51.03
Sedans,152,8,175,11.24,81.48
Muscle_Cars,136,20,288,14.21,204.41
Utility,148,14,157,5.89,140.68
Pickup_Trucks,191,12,124,10.43,120.65
Crossovers,163,7,172,9.23,71.11
Sports_Cars,127,14,309,25.43,149.18
Utility,145,7,147,8.11,70.87
Supercars,130,23,354,16.56,237.3
Pickup_Trucks,197,7,174,12.63,71.27
Muscle_Cars,142,21,241,24.37,215.44
Luxury_Sedans,158,11,249,6.15,111.33
Compact,156,9,123,3.9,90.3
Utility,142,7,171,3.31,70.45
Utility,159,13,140,7.9,130.72
Sedans,148,7,161,6.09,70.73
Sedans,152,14,192,2.56,140.39
Hatchbacks,146,7,145,10.25,71.06
Compact,146,7,164,4.59,70.58
Luxury_Sedans,154,5,174,6.09,50.79
Compact,143,9,162,0.55,90.07
Kei_Cars,137,2,118,5.31,20.43
Muscle_Cars,144,17,230,24.13,174.95
Pickup_Trucks,185,5,137,13.51,51.01
Sports_Cars,125,10,277,8.8,102.82
Muscle_Cars,141,19,281,24.06,196.81
Sedans,140,14,150,9.27,141.06
Pickup_Trucks,186,8,146,9.92,80.82
SUVs,172,18,192,12.91,181.73
Sports_Cars,128,12,312,24.81,129.03
Luxury_Sedans,144,6,240,6.02,61.35
Supercars,130,27,370,23.4,280.87
Utility,155,5,159,10.2,51.15
Luxury_Sedans,158,7,166,6.04,70.71
Luxury_Sedans,159,10,174,2.65,100.33
Hatchbacks,153,5,149,3.85,50.4
Crossovers,168,10,133,6.22,100.49
Sports_Cars,133,10,248,6.5,101.66
Muscle_Cars,137,23,211,13.33,232.58
Utility,143,6,137,4.71,60.46
Compact,151,8,149,7.29,80.76
SUVs,164,5,187,14.26,51.92
Luxury_Sedans,143,6,197,3.83,60.65
Supercars,111,27,378,17.11,279.74
Sports_Cars,135,17,204,11.21,172.1
Sedans,143,13,169,9.45,131.26
Utility,153,10,128,3.47,100.29
